registration_id,first_name,last_name,email,registration_date,ticket_type,company,age_group,city
REG001,William,Williams,joshua96@example.org,23/03/2025,General,Wells and Sons,45-54,Los Angeles
REG002,Tina,Nelson,derrickhart@example.org,15/01/2025,General,Baker-Martin,18-24,Chicago
REG003,Jason,Tate,markwilson@example.net,04/01/2025,General,Thompson PLC,45-54,Houston
REG004,Monica,Edwards,millerthomas@example.net,05/02/2025,General,Baker-Martin,18-24,Phoenix
REG005,Christopher,Johnson,downsjenny@example.net,01/02/2025,General,Walters-Black,45-54,Philadelphia
REG006,Nicholas,Garza,brianhernandez@example.net,29/01/2025,General,Walters-Black,18-24,San Antonio
REG007,Stacy,Adams,lori68@example.com,18/01/2025,VIP,Walters-Black,35-44,San Diego
REG008,Joseph,Johnson,stephanie76@example.com,14/01/2025,VIP,Walters-Black,55+,Dallas
REG009,Alan,Ward,czavala@example.com,28/03/2025,Student,Owens PLC,45-54,San Jose
REG010,Rebecca,Murphy,tannerreese@example.org,11/03/2025,VIP,Owens PLC,55+,Austin
REG011,Joshua,Smith,steven70@example.net,12/01/2025,VIP,Owens PLC,45-54,Jacksonville
REG012,Daniel,Juarez,rebecca78@example.org,17/03/2025,Student,Owens PLC,45-54,Fort Worth
REG013,Dana,Mata,lreese@example.net,24/02/2025,Student,Watson-Paul,35-44,Columbus
REG014,Dana,Patterson,osimmons@example.org,05/01/2025,General,Beard LLC,18-24,San Francisco
REG015,Nicholas,Smith,beckerbrenda@example.net,04/01/2025,VIP,Martinez-Murphy,45-54,Charlotte
REG016,Taylor,Mercer,schneiderlori@example.com,12/01/2025,Student,Martinez-Murphy,18-24,Indianapolis
REG017,Tracy,Williams,steve88@example.org,28/01/2025,General,Martinez-Murphy,35-44,Seattle
REG018,Scott,Nash,stacyrussell@example.net,30/01/2025,VIP,Anderson Group,25-34,Denver
REG019,Roy,Anderson,sarah49@example.org,06/03/2025,General,Anderson Group,55+,Washington
REG020,Katherine,Ayers,pspencer@example.org,19/03/2025,Student,Anderson Group,45-54,Boston
REG021,Christopher,Madden,okelley@example.com,04/01/2025,VIP,Anderson Group,35-44,El Paso
REG022,Christopher,Hanson,tamara08@example.net,13/03/2025,General,Anderson Group,18-24,Nashville
REG023,Catherine,Gilbert,sarah05@example.net,26/01/2025,Student,Anderson Group,45-54,Detroit
REG024,William,Mcintosh,cooperconnie@example.net,25/03/2025,Student,Williams PLC,18-24,Oklahoma City
REG025,Jennifer,Cook,christina44@example.com,31/03/2025,Student,Hernandez-Mcfarland,25-34,Portland
REG026,Walter,Martin,carmen04@example.org,11/03/2025,Student,"Holder, Barrett and Simmons",45-54,Las Vegas
REG027,Kathleen,Morales,christinegraham@example.com,23/02/2025,Student,Shaffer-Scott,55+,Memphis
REG028,William,Whitaker,tlogan@example.com,29/01/2025,Student,Reynolds-Brennan,45-54,Louisville
REG029,Larry,Bryant,jason24@example.com,27/02/2025,Student,"Vega, Guzman and Becker",55+,Baltimore
REG030,Nina,Jefferson,corymitchell@example.org,17/03/2025,General,Lewis-Perez,18-24,Milwaukee
REG031,Kelly,Boyle,boyerjonathan@example.org,05/02/2025,VIP,Cruz and Sons,45-54,Albuquerque
REG032,Nicholas,Myers,williamsaaron@example.net,01/01/2025,VIP,Cruz and Sons,35-44,Tucson
REG033,William,Todd,yjones@example.com,21/01/2025,General,Barker LLC,35-44,Fresno
REG034,Danny,Jackson,ericahernandez@example.org,31/03/2025,Student,Zimmerman LLC,25-34,Mesa
REG035,Kelly,Smith,shortkatelyn@example.com,24/02/2025,VIP,"Dawson, Hansen and Garner",35-44,Sacramento
REG036,Melvin,Kemp,amandasullivan@example.com,13/02/2025,Student,Hopkins PLC,25-34,Atlanta
REG037,Andrew,Oneill,danielbaxter@example.net,05/02/2025,VIP,Bell-Simmons,18-24,Kansas City
REG038,Michael,Smith,tonyareid@example.net,20/01/2025,Student,Goodman and Sons,55+,Colorado Springs
REG039,William,Contreras,brandonwilliams@example.org,28/01/2025,General,Goodman and Sons,18-24,Miami
REG040,Jacob,Velazquez,jeffrey05@example.net,13/02/2025,Student,Goodman and Sons,55+,Raleigh
REG041,Tiffany,Villa,carrilloedward@example.com,14/01/2025,VIP,Cook-Valdez,55+,Omaha
REG042,Christina,Morris,ifoster@example.com,12/01/2025,Student,Price Ltd,25-34,Long Beach
REG043,Grant,Wright,sheilanelson@example.net,18/02/2025,VIP,Solis Group,35-44,Virginia Beach
REG044,Denise,Lewis,michaelmerritt@example.net,13/01/2025,Student,Solis Group,35-44,Oakland
REG045,David,Phillips,josephmejia@example.org,15/02/2025,VIP,Brooks Ltd,25-34,Minneapolis
REG046,Jesse,Waters,ryangomez@example.org,14/02/2025,VIP,Johnson-Cross,25-34,Tulsa
REG047,Tonya,Mcclain,xsmith@example.net,19/03/2025,VIP,Martinez-Smith,18-24,Arlington
REG048,Kimberly,Esparza,weaverdana@example.org,03/02/2025,Student,"Tanner, Cole and Cruz",25-34,Tampa
REG049,Alison,Bush,susan66@example.org,06/01/2025,VIP,"Tanner, Cole and Cruz",35-44,New Orleans
REG050,Molly,Taylor,umcclure@example.org,28/02/2025,Student,Harrington Ltd,25-34,New York
REG051,Alexandra,Martinez,cranelori@example.net,10/03/2025,General,Moore Group,25-34,Los Angeles
REG052,Kenneth,Orozco,sarah96@example.com,16/01/2025,General,Moore Group,55+,Chicago
REG053,Janet,Bailey,amcdonald@example.net,18/02/2025,VIP,Little Inc,25-34,Houston
REG054,Traci,Bryant,sancheztiffany@example.com,11/01/2025,Student,Gross-Allen,18-24,Phoenix
REG055,Erica,Anderson,riveraadrian@example.net,12/03/2025,VIP,"Montgomery, Baxter and Glass",25-34,Philadelphia
REG056,Bryan,Hill,odean@example.com,07/02/2025,Student,"Berg, Smith and Rodriguez",45-54,San Antonio
REG057,Kristopher,Smith,fernandolester@example.net,22/03/2025,Student,Davenport-Williams,45-54,San Diego
REG058,Charles,Brown,gbrown@example.org,21/03/2025,General,"Gonzalez, Osborne and Williams",55+,Dallas
REG059,Timothy,Castro,johnhernandez@example.com,16/02/2025,Student,"Gonzalez, Osborne and Williams",55+,San Jose
REG060,Valerie,Hill,nicholeharper@example.com,15/03/2025,Student,"Gonzalez, Osborne and Williams",45-54,Austin
REG061,Veronica,Phillips,mpearson@example.com,25/01/2025,VIP,Bauer-Turner,55+,Jacksonville
REG062,Tiffany,Chavez,ritterjohn@example.org,01/04/2025,VIP,Torres-Smith,55+,Fort Worth
REG063,Bill,Ball,parklisa@example.net,09/01/2025,Student,Edwards Inc,35-44,Columbus
REG064,Dawn,Owens,keychristopher@example.com,06/01/2025,General,"Sloan, Aguirre and Lyons",35-44,San Francisco
REG065,Susan,West,william98@example.org,26/03/2025,VIP,Walsh-Webster,25-34,Charlotte
REG066,Crystal,Melton,yrodriguez@example.com,30/01/2025,VIP,Walsh-Webster,45-54,Indianapolis
REG067,Gregory,Wilson,stewartkevin@example.net,07/02/2025,General,Walsh-Webster,18-24,Seattle
REG068,Ryan,Evans,jasmine77@example.net,11/01/2025,VIP,Baker Inc,45-54,Denver
REG069,Susan,Baldwin,ldean@example.com,30/01/2025,Student,Baker Inc,45-54,Washington
REG070,Donna,Mooney,hawkinswilliam@example.com,13/01/2025,Student,Baker Inc,35-44,Boston
REG071,Brian,Williams,henryjessica@example.net,18/02/2025,Student,Franklin-Small,35-44,El Paso
REG072,Charles,Wong,tyler93@example.org,05/02/2025,VIP,Chavez-Fisher,55+,Nashville
REG073,Joseph,Brown,lynn54@example.com,28/02/2025,VIP,Evans and Sons,18-24,Detroit
REG074,Nicholas,Jarvis,gguzman@example.net,23/03/2025,VIP,Evans and Sons,35-44,Oklahoma City
REG075,Steven,Lawrence,jeffreybruce@example.com,16/02/2025,VIP,Hammond PLC,55+,Portland
REG076,Wyatt,Romero,gregoryadams@example.com,21/01/2025,Student,Wilson-Phillips,18-24,Las Vegas
REG077,Kyle,Chase,fpatel@example.org,17/02/2025,General,Wilson-Phillips,35-44,Memphis
REG078,Amy,Clay,margaretlynch@example.net,15/02/2025,Student,Herrera-Hayes,45-54,Louisville
REG079,Karen,Diaz,gharris@example.com,27/01/2025,VIP,Martinez-Hayes,45-54,Baltimore
REG080,Joshua,Downs,yesparza@example.net,27/03/2025,Student,Mullen-Hayden,18-24,Milwaukee
REG081,Mckenzie,Sampson,mharper@example.org,04/02/2025,General,Mullen Group,18-24,Albuquerque
REG082,Monica,Taylor,dalegordon@example.com,31/03/2025,Student,Mullen Group,35-44,Tucson
REG083,John,Barnett,tracy56@example.org,29/03/2025,General,Mullen Group,35-44,Fresno
REG084,Stephanie,Kidd,robertlopez@example.net,24/03/2025,VIP,Mullen Group,18-24,Mesa
REG085,Kimberly,Padilla,tyler28@example.com,10/01/2025,Student,Mullen Group,18-24,Sacramento
REG086,Miguel,Simmons,hvaldez@example.net,19/03/2025,Student,"Reyes, Ford and Clayton",55+,Atlanta
REG087,Mark,Ortiz,handerson@example.com,23/03/2025,Student,Howell and Sons,55+,Kansas City
REG088,Joshua,Goodman,villegasanthony@example.net,22/01/2025,Student,Howell and Sons,55+,Colorado Springs
REG089,Laura,Holmes,michellestone@example.com,10/03/2025,VIP,Williamson-Copeland,45-54,Miami
REG090,Amber,Rocha,jenniferkidd@example.org,01/02/2025,General,Snow LLC,45-54,Raleigh
REG091,Kenneth,Flores,barryhoward@example.net,21/01/2025,General,Crawford Group,55+,Omaha
REG092,Lynn,Delgado,valerie64@example.com,01/03/2025,Student,Holloway-Clark,55+,Long Beach
REG093,Sara,Morrow,noah51@example.net,18/02/2025,VIP,Holloway-Clark,18-24,Virginia Beach
REG094,Lee,Greene,hartpatricia@example.net,04/02/2025,General,"King, Rodriguez and Burns",45-54,Oakland
REG095,Sandra,Anderson,johnsonariel@example.net,23/03/2025,General,"King, Rodriguez and Burns",55+,Minneapolis
REG096,Julie,Clark,smithamy@example.com,30/03/2025,General,Nguyen-Spears,25-34,Tulsa
REG097,Kyle,Williams,gleon@example.org,13/03/2025,General,Nguyen-Spears,35-44,Arlington
REG098,Heather,Hodge,christopher10@example.com,29/01/2025,General,Jones-Banks,55+,Tampa
REG099,Tony,Kelly,bbolton@example.net,29/03/2025,General,Warren-Smith,45-54,Anchorage
REG100,Ricky,Torres,kyle09@example.net,11/02/2025,VIP,Warren-Smith,55+,Honolulu
REG101,Michael,Caldwell,andrew01@example.net,08/01/2025,Student,"Johnson, Bruce and Campbell",25-34,Bakersfield
REG102,Samantha,Hall,albert62@example.net,30/01/2025,General,"Johnson, Bruce and Campbell",18-24,Aurora
REG103,Brenda,Gray,strongcasey@example.net,05/01/2025,VIP,"Baker, Harvey and Turner",45-54,Anaheim
REG104,Nathan,Gonzalez,browneugene@example.com,10/02/2025,VIP,Jenkins Inc,18-24,Santa Ana
REG105,Danielle,Rocha,andrewssusan@example.org,21/02/2025,Student,Cole LLC,35-44,Riverside
REG106,Faith,Rivera,lejacob@example.org,04/02/2025,Student,Patrick PLC,18-24,Corpus Christi
REG107,Amy,Brown,gloria19@example.org,09/01/2025,General,Patrick PLC,55+,Lexington
REG108,Nichole,Smith,jbradley@example.org,28/01/2025,Student,Patrick PLC,25-34,Henderson
REG109,Arthur,Lee,adamsjoyce@example.net,14/03/2025,Student,Davis PLC,18-24,Stockton
REG110,Charles,King,michael57@example.org,10/02/2025,VIP,"Lopez, Gibson and Garcia",25-34,Saint Paul
REG111,Kyle,Young,williamgomez@example.net,28/01/2025,VIP,"Lopez, Gibson and Garcia",45-54,Cincinnati
REG112,Bradley,Lane,warrenmark@example.net,25/03/2025,VIP,"Lopez, Gibson and Garcia",45-54,St. Louis
REG113,Louis,Hines,lauriemcconnell@example.com,05/03/2025,General,Vaughn-Daugherty,55+,Pittsburgh
REG114,Carrie,Perez,nsanchez@example.com,20/02/2025,General,Hernandez-Wood,55+,Greensboro
REG115,Sheila,Blanchard,whitney81@example.org,24/03/2025,Student,"Anderson, Smith and Hall",55+,Lincoln
REG116,Christopher,Carrillo,taylorjames@example.com,28/02/2025,Student,"Johnson, Daniels and Garcia",25-34,Anchorage
REG117,Kelly,Jenkins,qwood@example.net,19/01/2025,General,Cunningham-Ramos,35-44,Plano
REG118,Rebecca,Luna,sarahsandoval@example.com,03/02/2025,General,Cunningham-Ramos,35-44,Orlando
REG119,Katherine,Carter,emilyjones@example.org,18/01/2025,VIP,Cunningham-Ramos,35-44,Irvine
REG120,Amy,Cameron,antonio27@example.net,01/02/2025,General,"Rivera, Spencer and Leon",45-54,Newark
REG121,Christy,Stokes,travis85@example.net,13/03/2025,General,"Miller, Mccoy and Collins",45-54,Durham
REG122,Roger,Greene,jennifercline@example.net,10/03/2025,Student,Whitney Ltd,35-44,Chula Vista
REG123,Brandon,Cobb,aknight@example.org,03/02/2025,Student,"Simmons, Phillips and Brooks",55+,Toledo
REG124,Jennifer,Noble,hunterhenson@example.org,16/03/2025,VIP,Jordan-Johnson,18-24,Fort Wayne
REG125,James,Garrett,gregorymendoza@example.net,24/02/2025,General,Smith-Benton,35-44,St. Petersburg
REG126,Jennifer,Le,yesenia08@example.net,16/03/2025,Student,Padilla-Haney,18-24,Laredo
REG127,Leah,Young,stephenochoa@example.org,21/02/2025,General,Ellis Inc,35-44,Jersey City
REG128,Melanie,Day,apena@example.com,16/02/2025,General,"Brown, Wilkins and Brown",18-24,Chandler
REG129,Michael,Scott,jolson@example.org,29/01/2025,VIP,Carson-Moreno,55+,Madison
REG130,Brian,Oneal,smiller@example.org,18/01/2025,General,"Kramer, Hodge and Stuart",45-54,Lubbock
REG131,Amy,Baker,john13@example.net,07/03/2025,VIP,Bishop-Poole,35-44,Scottsdale
REG132,Brian,Mitchell,glin@example.net,05/03/2025,Student,Bishop-Poole,35-44,Reno
REG133,Lauren,Olson,lopezmichelle@example.net,12/01/2025,Student,Bishop-Poole,55+,Buffalo
REG134,Stacey,Vargas,christina74@example.net,07/01/2025,Student,"Anderson, Jackson and Perkins",25-34,Gilbert
REG135,Janet,Martin,annadixon@example.com,15/01/2025,Student,"Dean, Robbins and Baker",35-44,Glendale
REG136,Taylor,Jenkins,spencerwarren@example.org,20/01/2025,VIP,"Rose, Jenkins and Harrison",18-24,North Las Vegas
REG137,Kathy,Castro,mitchellemily@example.org,22/03/2025,VIP,"Grimes, Kaufman and Davis",55+,Winston–Salem
REG138,Nicholas,Shaffer,reyesjacob@example.org,21/01/2025,Student,Holland Ltd,25-34,Chesapeake
REG139,Eric,Scott,traceydudley@example.org,29/03/2025,Student,Rogers Group,35-44,Norfolk
REG140,Lisa,Smith,elizabethacosta@example.com,24/02/2025,Student,Harris Ltd,35-44,Fremont
REG141,Christopher,Bishop,ichen@example.net,18/03/2025,VIP,Fuller-Barnes,45-54,Garland
REG142,Donald,Davenport,daniellebray@example.net,09/01/2025,Student,Monroe PLC,25-34,Irving
REG143,Darrell,Mcclure,maryabbott@example.com,19/02/2025,VIP,Olson-Thompson,55+,Hialeah
REG144,Darrell,Mcdowell,sparkskara@example.com,18/02/2025,General,Olson-Thompson,18-24,Richmond
REG145,Nicole,Ingram,jose71@example.com,18/03/2025,Student,"Pham, Huff and Lloyd",35-44,Boise
REG146,Philip,Davis,nancy65@example.com,01/03/2025,VIP,"Pham, Huff and Lloyd",55+,Spokane
REG147,Bobby,Lewis,anna39@example.com,09/03/2025,VIP,"Meyers, Davis and Wilson",45-54,Baton Rouge
REG148,Christopher,Mays,iwatson@example.com,02/02/2025,VIP,Long Ltd,35-44,Tacoma
REG149,Louis,Marshall,garciaeric@example.net,12/03/2025,General,Long Ltd,25-34,Abu Dhabi
REG150,Sarah,Frederick,melanie87@example.net,02/01/2025,Student,Case-Garcia,55+,Adelaide
REG151,Walter,Martin,amanda14@example.net,29/03/2025,VIP,Case-Garcia,18-24,Akron
REG152,Samuel,Vargas,melanie87@example.com,15/01/2025,Student,"Donaldson, Torres and Frank",45-54,Albuquerque
REG153,Andrew,Richardson,alexanderrobert@example.com,29/03/2025,VIP,"Donaldson, Torres and Frank",55+,Alexandria
REG154,Laura,Smith,theodore88@example.net,10/03/2025,Student,"Donaldson, Torres and Frank",35-44,Amsterdam
REG155,Amy,Davis,kimberlymccarty@example.net,04/02/2025,General,Lawrence Group,18-24,Athens
REG156,Robert,Gray,kathleengriffin@example.org,24/03/2025,VIP,Lane Inc,35-44,Atlanta
REG157,Sierra,Patrick,jacobhardy@example.org,13/02/2025,VIP,Lane Inc,35-44,Auckland
REG158,Sarah,Shaw,hhaley@example.com,15/01/2025,General,Holmes-Finley,25-34,Augusta
REG159,Frank,Whitaker,qsmith@example.net,07/02/2025,Student,Holmes-Finley,25-34,Austin
REG160,Carlos,Lewis,barbara12@example.org,25/02/2025,VIP,"Burns, Webb and Everett",35-44,Baltimore
REG161,Anna,Williams,johngonzales@example.org,21/01/2025,General,Washington LLC,45-54,Barcelona
REG162,Michael,Ward,karias@example.org,28/02/2025,VIP,Washington LLC,25-34,Baton Rouge
REG163,Carla,Burns,copelandbenjamin@example.org,01/01/2025,VIP,"Powell, Rodriguez and Terry",25-34,Beijing
REG164,Donald,Lynch,glenn35@example.org,03/02/2025,VIP,Caldwell and Sons,25-34,Belfast
REG165,Erin,Gonzalez,moorekellie@example.com,06/03/2025,Student,Barton-Jimenez,25-34,Berlin
REG166,Sara,Harvey,robert56@example.com,23/01/2025,General,Daniels and Sons,18-24,Birmingham
REG167,Barbara,Cooper,jmoore@example.net,06/03/2025,General,Roberts Group,35-44,Bogotá
REG168,Lindsay,Elliott,bensonstacey@example.org,14/01/2025,General,Phillips PLC,18-24,Boise
REG169,Kristen,Hale,lrice@example.org,22/03/2025,General,"Wiley, Wells and Lambert",55+,Boston
REG170,Andrew,Brewer,grivera@example.org,08/02/2025,VIP,James-Arnold,55+,Brisbane
REG171,Michael,Bell,ttaylor@example.net,23/03/2025,Student,James-Arnold,55+,Brussels
REG172,Roger,Murphy,vmcgee@example.net,06/03/2025,General,"Bailey, Clarke and Clark",18-24,Buffalo
REG173,Joshua,Baird,jnelson@example.com,19/03/2025,Student,Walker-Fuentes,35-44,Cairo
REG174,Tina,Roberts,michaeljefferson@example.org,26/01/2025,General,Walker-Fuentes,55+,Calgary
REG175,Sophia,Ryan,john34@example.org,20/01/2025,General,Walker-Fuentes,25-34,Cape Town
REG176,Erica,Jackson,maryhoward@example.com,17/02/2025,VIP,Walker-Fuentes,55+,Caracas
REG177,Jeffrey,Hall,jsmith@example.com,21/01/2025,VIP,Brown-Crawford,45-54,Charlotte
REG178,Misty,Hutchinson,wadedenise@example.com,11/03/2025,VIP,Patrick Inc,25-34,Chennai
REG179,Patty,Kelly,franksanchez@example.net,09/03/2025,Student,Patrick Inc,25-34,Chicago
REG180,Justin,Arroyo,haley36@example.org,01/01/2025,VIP,Patrick Inc,25-34,Cincinnati
REG181,Andrea,Gonzalez,joshuahall@example.org,18/03/2025,VIP,Patrick Inc,55+,Cleveland
REG182,Richard,Perez,olsonronald@example.com,11/02/2025,General,Barber Ltd,25-34,Cologne
REG183,Ashley,Foley,tylerrussell@example.net,04/03/2025,General,Barber Ltd,45-54,Columbus
REG184,Randy,Lewis,brookspatrick@example.com,03/01/2025,VIP,Barber Ltd,18-24,Copenhagen
REG185,Michael,Ortiz,bryanadams@example.org,15/01/2025,VIP,Sims PLC,45-54,Dallas
REG186,Rebecca,Randall,donna77@example.net,16/02/2025,Student,"Mcmahon, Padilla and Ross",35-44,Damascus
REG187,Kimberly,Russell,matthew44@example.com,09/02/2025,Student,"Mcmahon, Padilla and Ross",25-34,Denver
REG188,Michael,Foster,ana58@example.org,31/01/2025,General,"Mcmahon, Padilla and Ross",45-54,Detroit
REG189,Scott,Ingram,claytonzachary@example.org,08/01/2025,Student,"Myers, Jensen and Jenkins",55+,Doha
REG190,Vincent,Bailey,walter46@example.net,31/01/2025,VIP,Adams Inc,35-44,Dublin
REG191,Crystal,Dunn,alyssa89@example.net,14/03/2025,VIP,Adams Inc,45-54,Durban
REG192,Samuel,Lewis,rbradley@example.com,11/01/2025,General,Adams Inc,25-34,Edinburgh
REG193,Steven,Lowe,sellerstravis@example.com,11/01/2025,VIP,"Johnson, Dunn and Hunt",55+,El Paso
REG194,Roberto,Jones,jimenezkimberly@example.org,04/03/2025,VIP,Brooks Group,25-34,Florence
REG195,Aaron,Anderson,tgardner@example.net,09/01/2025,VIP,Jones Ltd,35-44,Fort Worth
REG196,Timothy,Curtis,fstewart@example.org,10/03/2025,VIP,Long PLC,45-54,Frankfurt
REG197,Michelle,Smith,leelaura@example.org,17/01/2025,Student,Warren-Vasquez,25-34,Fresno
REG198,Samantha,Ramos,pshepherd@example.net,17/01/2025,Student,Warren-Vasquez,35-44,Geneva
REG199,Carlos,Walton,ruizdaniel@example.net,26/03/2025,Student,"Anderson, Lopez and Leonard",55+,Glasgow
REG200,April,Ramirez,jerry01@example.org,02/03/2025,Student,Fuller Inc,45-54,Guadalajara
REG201,Aaron,Velazquez,fgibson@example.com,12/03/2025,Student,"Taylor, Wood and Dickerson",45-54,Hamburg
REG202,Ashley,Garner,emilysloan@example.net,22/01/2025,General,Thomas-Reed,35-44,Hanoi
REG203,Brittany,Booker,ccase@example.com,03/02/2025,VIP,Moses-Harris,45-54,Havana
REG204,Darren,Burke,martinezkayla@example.com,09/03/2025,General,Moses-Harris,55+,Helsinki
REG205,Christopher,Clark,allison83@example.org,19/03/2025,VIP,Martin-Cortez,55+,Hialeah
REG206,Matthew,Hines,browndeborah@example.com,24/02/2025,VIP,Martin-Cortez,45-54,Ho Chi Minh City
REG207,Katherine,Elliott,dennisbell@example.com,28/01/2025,VIP,Maddox-Brown,25-34,Hong Kong
REG208,Melissa,Rivera,brenda24@example.com,11/03/2025,General,Gibson-Morrow,25-34,Honolulu
REG209,Edward,Hernandez,lindamiller@example.net,30/03/2025,VIP,Gibson-Morrow,55+,Houston
REG210,Kelly,Bonilla,elizabeth17@example.net,26/01/2025,VIP,Brown Inc,25-34,Hyderabad
REG211,Sandra,Jones,andersonzachary@example.net,09/02/2025,Student,Gill and Sons,35-44,Indianapolis
REG212,Jackie,Lewis,vanessa95@example.org,21/02/2025,Student,Flynn-Myers,18-24,Irvine
REG213,Nicole,Herrera,joneslaurie@example.net,27/03/2025,VIP,Robinson-Richardson,45-54,Istanbul
REG214,Alejandro,Watts,mcollier@example.net,25/03/2025,Student,"Olson, Rodriguez and Hayes",35-44,Jacksonville
REG215,Jennifer,Edwards,hboyd@example.com,17/02/2025,General,Ramirez Inc,55+,Jakarta
REG216,Sarah,Smith,currystephanie@example.com,26/02/2025,VIP,Ramirez Inc,18-24,Jersey City
REG217,Gregory,Newton,samanthasmith@example.org,08/03/2025,General,Scott-Walls,55+,Johannesburg
REG218,Mark,Herrera,ericperez@example.com,27/02/2025,Student,"Hughes, Moore and Sexton",18-24,Kansas City
REG219,Jeremy,Graham,rickyweaver@example.org,16/01/2025,Student,"Hughes, Moore and Sexton",35-44,Karachi
REG220,James,Harris,amandadunn@example.org,01/02/2025,General,"Smith, Mcguire and Singleton",18-24,Kuala Lumpur
REG221,Vicki,Smith,fowlerjeffrey@example.org,29/01/2025,VIP,"Smith, Mcguire and Singleton",25-34,Kyoto
REG222,Emily,Thomas,qunderwood@example.com,09/01/2025,Student,Rodriguez and Sons,35-44,Las Vegas
REG223,Christopher,Freeman,jasonwarner@example.net,13/02/2025,Student,Rios-Collier,45-54,Lima
REG224,Patrick,Cooper,todd45@example.com,03/01/2025,Student,Rios-Collier,55+,Lisbon
REG225,David,Atkinson,pbanks@example.com,17/03/2025,General,"Williams, Henderson and Aguilar",25-34,Little Rock
REG226,Jennifer,Jones,reevesdanielle@example.org,12/03/2025,General,"Martinez, Smith and Johnson",45-54,London
REG227,Teresa,Hawkins,bakerbarbara@example.com,30/01/2025,Student,"Martinez, Harris and Jimenez",18-24,Los Angeles
REG228,Sarah,Brown,masseyjoshua@example.com,17/03/2025,VIP,Adams Ltd,25-34,Louisville
REG229,Olivia,Miller,thompsonjustin@example.org,29/01/2025,General,"Johnson, Stevens and Castaneda",45-54,Lyon
REG230,John,Williams,erinmartinez@example.com,01/01/2025,VIP,Cook-Underwood,35-44,Madrid
REG231,Linda,Farmer,matthewmaxwell@example.com,10/01/2025,General,"Carter, Edwards and Frazier",18-24,Manila
REG232,Jocelyn,Farmer,gbrown@example.net,01/04/2025,General,"Keller, Garcia and Miller",45-54,Melbourne
REG233,Jennifer,Maddox,tiffany21@example.com,22/03/2025,VIP,"Keller, Garcia and Miller",18-24,Memphis
REG234,Shawn,Sanchez,nathanleonard@example.com,08/01/2025,VIP,"Sanchez, Washington and Nguyen",45-54,Mexico City
REG235,Stephanie,Pineda,christopher91@example.com,30/01/2025,VIP,"Sanchez, Washington and Nguyen",55+,Miami
REG236,James,Hall,emily77@example.com,09/01/2025,General,"Sanchez, Washington and Nguyen",35-44,Milan
REG237,Lisa,Tyler,adam97@example.org,05/01/2025,VIP,"Sanchez, Washington and Nguyen",25-34,Milwaukee
REG238,Eric,Griffith,ashleyross@example.org,12/02/2025,VIP,Kidd Inc,45-54,Minneapolis
REG239,Christian,Thompson,hquinn@example.com,10/01/2025,VIP,Peterson-Cannon,18-24,Montreal
REG240,Lisa,Bradley,lhancock@example.org,07/03/2025,VIP,Nelson-Miller,35-44,Moscow
REG241,Jessica,Ochoa,garciamelinda@example.com,31/01/2025,VIP,Nelson-Miller,25-34,Mumbai
REG242,Matthew,Baldwin,qmyers@example.com,05/02/2025,VIP,Nelson-Miller,18-24,Munich
REG243,Brianna,Lee,joannacharles@example.net,27/03/2025,VIP,Kirk-Floyd,35-44,Nairobi
REG244,Benjamin,Chandler,wallchad@example.com,04/03/2025,General,Kirk-Floyd,18-24,Nashville
REG245,Jeremy,Kelly,kimberlytaylor@example.net,28/01/2025,VIP,Hopkins and Sons,35-44,New Orleans
REG246,Ryan,Parks,kcarey@example.com,11/03/2025,General,Hopkins and Sons,25-34,New York
REG247,Sergio,George,currytyler@example.org,17/01/2025,Student,Mendez-Fuentes,25-34,Newark
REG248,Brittney,Hodges,jacquelinegarcia@example.com,15/03/2025,Student,Mendez-Fuentes,18-24,Nice
REG249,Alan,Griffin,osbornebrandon@example.com,15/03/2025,General,"Smith, Lopez and Lopez",35-44,Abu Dhabi
REG250,Robin,Harris,whill@example.org,02/03/2025,VIP,"Eaton, Jones and Sellers",45-54,Adelaide
REG251,Sarah,Reeves,irodriguez@example.org,01/02/2025,General,"Stein, Romero and Martinez",25-34,Akron
REG252,Joseph,Guzman,valerie49@example.org,02/03/2025,Student,"Stein, Romero and Martinez",45-54,Albuquerque
REG253,Angela,Thompson,briancolon@example.net,22/02/2025,General,Hall PLC,45-54,Alexandria
REG254,Gloria,Carter,megan66@example.net,25/01/2025,Student,Ward-Welch,55+,Amsterdam
REG255,Adam,Lin,derek35@example.net,13/01/2025,General,Rasmussen-Knox,18-24,Athens
REG256,Ryan,Young,osummers@example.com,13/01/2025,General,Greer Ltd,18-24,Atlanta
REG257,Laura,Gay,browntaylor@example.com,26/03/2025,General,Greer Ltd,18-24,Auckland
REG258,Victoria,Short,annettetaylor@example.net,25/02/2025,General,Greer Ltd,35-44,Augusta
REG259,Brian,Deleon,kari83@example.org,15/02/2025,General,Anderson Group,25-34,Austin
REG260,Anthony,Harris,mathew98@example.com,24/02/2025,Student,Collins-Robinson,25-34,Baltimore
REG261,Kathleen,Bates,millertimothy@example.org,22/02/2025,General,Huff LLC,55+,Barcelona
REG262,Marisa,Mooney,kathyspencer@example.org,01/03/2025,General,Huff LLC,55+,Baton Rouge
REG263,Andrew,Jensen,caitlinchavez@example.com,07/01/2025,General,Ray Inc,55+,Beijing
REG264,Jason,Williams,scottferrell@example.org,28/03/2025,VIP,Fischer-Williams,45-54,Belfast
REG265,Stephanie,Lee,hurstrichard@example.org,25/03/2025,Student,Cook-Stokes,18-24,Berlin
REG266,Jeremy,Garcia,burtonmichael@example.com,24/03/2025,General,Cook-Stokes,35-44,Birmingham
REG267,Jason,Montgomery,udiaz@example.net,13/01/2025,Student,Davis-Warren,25-34,Bogotá
REG268,Karen,Alexander,amanda88@example.org,08/01/2025,General,Davis-Warren,35-44,Boise
REG269,Abigail,Hodges,robert93@example.org,21/02/2025,VIP,Johnston LLC,18-24,Boston
REG270,Kevin,King,virginiasalinas@example.com,13/02/2025,Student,Taylor-Davis,18-24,Brisbane
REG271,Amanda,Park,gparker@example.com,14/01/2025,VIP,Vasquez-Morales,25-34,Brussels
REG272,Maria,Garcia,gonzalezmichaela@example.net,01/02/2025,VIP,"Hardy, Haney and Cole",45-54,Buffalo
REG273,Mia,Cain,rebecca79@example.net,25/01/2025,General,Smith-Wallace,55+,Cairo
REG274,Melissa,Nelson,stewarthenry@example.net,25/01/2025,Student,Smith-Wallace,45-54,Calgary
REG275,Natalie,Taylor,nweaver@example.org,10/03/2025,Student,"Durham, Hernandez and Bird",18-24,Cape Town
REG276,Paul,Smith,marcohale@example.org,27/02/2025,Student,"Durham, Hernandez and Bird",18-24,Caracas
REG277,Taylor,Gordon,whiterobert@example.com,18/01/2025,Student,"Durham, Hernandez and Bird",45-54,Charlotte
REG278,John,Rodriguez,bakerdaniel@example.com,24/02/2025,General,Weaver-Schroeder,55+,Chennai
REG279,Cory,Gomez,millerbrandon@example.net,24/01/2025,General,"Serrano, Allen and Wolfe",55+,Chicago
REG280,Michael,Jones,hoganlee@example.net,05/02/2025,VIP,"Serrano, Allen and Wolfe",18-24,Cincinnati
REG281,Monica,Buchanan,joshua69@example.org,01/03/2025,General,Harrell Ltd,55+,Cleveland
REG282,Jennifer,Martinez,whiterebecca@example.com,01/02/2025,Student,Liu-Cruz,55+,Cologne
REG283,Russell,Watson,aaron65@example.org,10/01/2025,General,Murphy-Roberts,25-34,Columbus
REG284,Monica,Soto,schultzkaren@example.org,26/02/2025,VIP,Kennedy-Rodriguez,25-34,Copenhagen
REG285,Melissa,Martin,peter35@example.net,12/03/2025,Student,Bond PLC,35-44,Dallas
REG286,Erica,Ortega,daniel11@example.net,13/01/2025,Student,"Winters, Haley and Powell",45-54,Damascus
REG287,Paul,Carroll,johnsonangie@example.com,07/01/2025,VIP,Nguyen-White,18-24,Denver
REG288,Tabitha,Petersen,scottpierce@example.org,25/03/2025,VIP,Smith PLC,55+,Detroit
REG289,Brandy,Lopez,porterashley@example.com,11/03/2025,Student,Brown Inc,35-44,Doha
REG290,Antonio,Turner,frankshea@example.com,02/01/2025,General,Nelson Ltd,25-34,Dublin
REG291,Frederick,Jackson,maria84@example.net,12/01/2025,General,Horn-Armstrong,55+,Durban
REG292,Elizabeth,Price,browncindy@example.com,31/01/2025,Student,Mann Group,45-54,Edinburgh
REG293,Patricia,Davis,paulbishop@example.net,22/01/2025,Student,Snyder-Kelly,25-34,El Paso
REG294,Alexis,Johnson,romerotom@example.com,22/02/2025,Student,"Velasquez, Anderson and Vasquez",18-24,Florence
REG295,Kendra,Alexander,douglaslisa@example.com,04/03/2025,General,"Velasquez, Anderson and Vasquez",55+,Fort Worth
REG296,Rachael,Rowe,mtaylor@example.org,03/03/2025,General,"Velasquez, Anderson and Vasquez",35-44,Frankfurt
REG297,Robert,Bray,ihall@example.org,28/01/2025,Student,"Velasquez, Anderson and Vasquez",18-24,Fresno
REG298,Mark,Moreno,ehunt@example.org,21/02/2025,VIP,"Weaver, Brady and Leach",55+,Geneva
REG299,William,Johnson,ghuynh@example.net,08/01/2025,Student,"Weaver, Brady and Leach",55+,Glasgow
REG300,Jeffrey,Lopez,sandradeleon@example.org,22/01/2025,Student,"Weaver, Brady and Leach",55+,Guadalajara
REG301,Thomas,Rodriguez,lauren73@example.org,18/02/2025,General,"Thompson, Taylor and Copeland",55+,Hamburg
REG302,Stacy,Choi,murphylisa@example.net,01/01/2025,Student,"Smith, Cooper and Walton",55+,Hanoi
REG303,Caroline,Mason,makaylasanders@example.com,19/02/2025,General,"King, Robinson and Mendoza",18-24,Havana
REG304,Patricia,Becker,angelamoore@example.org,03/02/2025,VIP,"Rogers, Gomez and Maxwell",45-54,Helsinki
REG305,Nathan,Hicks,mpetersen@example.org,28/02/2025,Student,Williams Group,45-54,Hialeah
REG306,Christopher,Adams,michael04@example.org,06/02/2025,VIP,Payne and Sons,18-24,Ho Chi Minh City
REG307,Andrew,Blair,lauramccoy@example.net,24/02/2025,Student,Smith-Dudley,45-54,Hong Kong
REG308,Pamela,Bishop,brandiowen@example.net,31/03/2025,VIP,"Long, Coleman and Bates",35-44,Honolulu
REG309,Nicholas,King,jeffreybrewer@example.com,13/03/2025,General,Smith-Hill,35-44,Houston
REG310,Victoria,Stevens,qgeorge@example.org,26/03/2025,Student,"Daniels, Richard and Lopez",18-24,Hyderabad
REG311,Christopher,Valdez,cookkaren@example.com,04/03/2025,Student,"Brown, Smith and Mack",35-44,Indianapolis
REG312,Matthew,Jackson,catherine78@example.com,20/01/2025,VIP,Turner Group,18-24,Irvine
REG313,Lisa,Daniels,davislindsay@example.org,25/01/2025,General,"Miller, Swanson and Rowe",35-44,Istanbul
REG314,Cheryl,Holmes,jeanettefrey@example.net,07/02/2025,VIP,"Miller, Swanson and Rowe",25-34,Jacksonville
REG315,Jennifer,King,christopherdavidson@example.net,28/01/2025,VIP,"Johnson, Duke and Underwood",18-24,Jakarta
REG316,Mark,Arellano,wilsonscott@example.com,08/01/2025,General,"Johnson, Duke and Underwood",55+,Jersey City
REG317,Rebecca,Cox,carmenroberts@example.com,16/03/2025,VIP,"Allen, Carter and Becker",35-44,Johannesburg
REG318,Jacob,Barajas,fmartin@example.net,11/03/2025,VIP,"Allen, Carter and Becker",25-34,Kansas City
REG319,Amy,Williams,randy95@example.net,08/01/2025,Student,"Smith, Dixon and Brooks",18-24,Karachi
REG320,Erin,Powers,courtney79@example.com,10/02/2025,VIP,"Ruiz, Shah and Rowe",35-44,Kuala Lumpur
REG321,Christine,Taylor,kellybrown@example.org,08/01/2025,Student,"Johnson, Wilkinson and Hernandez",55+,Kyoto
REG322,Julie,Mann,michael75@example.net,07/01/2025,General,Whitehead-Garcia,35-44,Las Vegas
REG323,Kayla,Rowe,estradadanielle@example.com,16/03/2025,VIP,Brewer-Weiss,25-34,Lima
REG324,Tiffany,Daniels,anthonyjackson@example.com,03/03/2025,General,Brewer-Weiss,45-54,Lisbon
REG325,Charlene,Brewer,evanswilliam@example.net,06/03/2025,Student,Brewer-Weiss,45-54,Little Rock
REG326,Mark,Keller,jamesthomas@example.net,09/03/2025,Student,Hanson-Clark,25-34,London
REG327,Robert,Thompson,heather66@example.net,21/01/2025,Student,Cordova Group,25-34,Los Angeles
REG328,Caitlin,Moore,peter60@example.org,08/01/2025,VIP,"Gonzalez, Brown and Reyes",18-24,Louisville
REG329,Johnny,Wiggins,ylee@example.com,07/03/2025,Student,"Gonzalez, Brown and Reyes",45-54,Lyon
REG330,Alexis,Cameron,cassandranichols@example.com,11/01/2025,Student,"Gonzalez, Brown and Reyes",18-24,Madrid
REG331,Frances,Osborne,mclayton@example.com,24/01/2025,VIP,Turner PLC,35-44,Manila
REG332,Wayne,Santiago,robert51@example.org,09/01/2025,VIP,"Silva, Wu and Hunter",25-34,Melbourne
REG333,David,Mason,april91@example.net,18/03/2025,VIP,"Silva, Wu and Hunter",18-24,Memphis
REG334,Nicholas,Johnson,bryanweiss@example.com,09/01/2025,Student,Miller PLC,25-34,Mexico City
REG335,Lisa,Ballard,peggy31@example.net,28/03/2025,Student,Walter and Sons,18-24,Miami
REG336,Jose,Murphy,katherine95@example.org,31/01/2025,VIP,Martinez LLC,35-44,Milan
REG337,Jason,Smith,grasmussen@example.org,21/02/2025,VIP,Martinez LLC,35-44,Milwaukee
REG338,Pamela,Adams,starkmichael@example.net,16/01/2025,General,Oliver-Smith,55+,Minneapolis
REG339,Stephen,Daniels,christopher82@example.com,14/03/2025,General,Owens and Sons,45-54,Montreal
REG340,Peggy,Morrison,wheelermatthew@example.com,01/02/2025,VIP,Lambert-Underwood,55+,Moscow
REG341,Traci,Ford,yruiz@example.net,16/03/2025,VIP,Scott-Knox,45-54,Mumbai
REG342,Connor,Silva,grantandrew@example.org,18/03/2025,General,Scott-Knox,35-44,Munich
REG343,Timothy,Myers,iduncan@example.com,06/01/2025,VIP,Robinson Ltd,18-24,Nairobi
REG344,Laura,Acosta,xnguyen@example.net,21/03/2025,Student,Mclaughlin-Pace,25-34,Nashville
REG345,Kelly,Hughes,simpsonalicia@example.net,11/01/2025,Student,Clark-Murphy,35-44,New Orleans
REG346,Dennis,Cruz,bakerjesse@example.com,23/02/2025,Student,Clark-Murphy,35-44,New York
REG347,Catherine,Morales,richard62@example.com,26/03/2025,VIP,"Chan, Hayes and Raymond",18-24,Newark
REG348,Grant,Jones,jennifer27@example.org,16/03/2025,VIP,"Gray, Hoover and Palmer",35-44,Nice
REG349,Angela,Gordon,martinmichael@example.org,14/03/2025,General,Mcgrath-Gallagher,35-44,Abu Dhabi
REG350,David,Torres,margaret88@example.net,08/03/2025,VIP,Roach Ltd,18-24,Adelaide
REG351,Hailey,Williams,whitekelly@example.net,10/02/2025,VIP,Roach Ltd,35-44,Akron
REG352,Sarah,Robles,william52@example.org,03/02/2025,General,"Walker, Smith and Jordan",45-54,Albuquerque
REG353,Anthony,Robinson,brownheather@example.net,27/01/2025,VIP,"Walker, Smith and Jordan",45-54,Alexandria
REG354,Charles,Chavez,glennstephanie@example.net,27/03/2025,General,"Huber, Holland and Delacruz",45-54,Amsterdam
REG355,April,Simon,williamsmichael@example.com,10/02/2025,VIP,Turner-Cole,45-54,Athens
REG356,William,Ortega,cheryl65@example.net,31/01/2025,VIP,Cruz PLC,35-44,Atlanta
REG357,Kevin,Harris,mirandanatalie@example.com,03/02/2025,VIP,Cruz PLC,25-34,Auckland
REG358,Jennifer,Duncan,john60@example.com,20/02/2025,VIP,Cruz PLC,45-54,Augusta
REG359,Mitchell,Pierce,gregory61@example.org,17/01/2025,Student,Cruz PLC,45-54,Austin
REG360,Sherry,Benjamin,allenchristina@example.com,27/03/2025,Student,James Inc,35-44,Baltimore
REG361,Brandi,Graham,lauraarroyo@example.net,24/03/2025,VIP,James Inc,55+,Barcelona
REG362,Arthur,Stevens,ybennett@example.org,08/02/2025,Student,James Inc,35-44,Baton Rouge
REG363,Kathryn,Mckay,hamptonchristian@example.org,28/02/2025,General,Campos-Duarte,18-24,Beijing
REG364,Kim,Grimes,robertsonrhonda@example.org,10/02/2025,Student,"Kaufman, Gomez and Gonzalez",45-54,Belfast
REG365,Tina,Stephens,sallywalls@example.net,10/01/2025,General,Hoffman PLC,18-24,Berlin
REG366,Jonathan,Reed,colemanvictoria@example.net,02/01/2025,General,Hall-Nelson,45-54,Birmingham
REG367,Eric,Briggs,rruiz@example.net,28/02/2025,General,Hall-Nelson,55+,Bogotá
REG368,Laurie,Austin,goldenalyssa@example.com,21/03/2025,Student,"Gross, Mendoza and Brennan",25-34,Boise
REG369,Joshua,Pacheco,hullsharon@example.net,14/03/2025,VIP,Leonard-Castillo,55+,Boston
REG370,Sherry,House,loriortiz@example.net,13/01/2025,VIP,Walker-Ortega,35-44,Brisbane
REG371,Justin,Thompson,vazquezjonathan@example.net,10/01/2025,Student,Nicholson Inc,35-44,Brussels
REG372,Ronald,Smith,madisongutierrez@example.com,10/03/2025,General,Martin-Gutierrez,18-24,Buffalo
REG373,Anthony,Robertson,smithrobert@example.net,28/01/2025,Student,"Murphy, Nicholson and Patterson",18-24,Cairo
REG374,Melissa,Berry,kimberlyfriedman@example.com,06/03/2025,VIP,"Murphy, Nicholson and Patterson",35-44,Calgary
REG375,Kelly,Smith,howardgina@example.com,03/02/2025,Student,King Inc,35-44,Cape Town
REG376,Patricia,Bradley,emmabrooks@example.com,17/01/2025,Student,Carter LLC,35-44,Caracas
REG377,Laura,Allison,vhopkins@example.net,14/02/2025,VIP,Pope-Rowe,45-54,Charlotte
REG378,Robert,James,tracyjohnson@example.com,09/01/2025,VIP,Pope-Rowe,55+,Chennai
REG379,April,Thomas,danielsmith@example.net,01/02/2025,General,Knight and Sons,45-54,Chicago
REG380,Jeffrey,Padilla,robertjones@example.com,17/02/2025,General,"Thornton, Pace and Taylor",25-34,Cincinnati
REG381,Christy,Butler,cwilliams@example.net,06/02/2025,VIP,"Robbins, Gonzalez and Craig",45-54,Cleveland
REG382,Andrea,Hernandez,shepardgary@example.org,21/01/2025,General,Andersen-Lee,35-44,Cologne
REG383,Tyler,Thomas,williamnelson@example.org,26/02/2025,VIP,Andersen-Lee,45-54,Columbus
REG384,Michael,Wagner,campbelllisa@example.com,11/03/2025,Student,Andersen-Lee,18-24,Copenhagen
REG385,Aaron,Garcia,reginald04@example.net,01/04/2025,General,Kemp LLC,35-44,Dallas
REG386,Jacob,Baker,phillipsjohn@example.net,08/02/2025,VIP,Tapia LLC,55+,Damascus
REG387,Denise,Smith,vdavis@example.org,20/03/2025,Student,Morgan-Phelps,45-54,Denver
REG388,Elizabeth,Macias,arnolddawn@example.com,25/03/2025,Student,"Powers, Adams and Martin",35-44,Detroit
REG389,Brandon,Wright,kathryn45@example.net,09/03/2025,VIP,Novak PLC,18-24,Doha
REG390,Jacob,Williams,durhamtyler@example.net,02/01/2025,VIP,Novak PLC,18-24,Dublin
REG391,Joyce,Brown,sarahbautista@example.net,27/03/2025,VIP,Gonzalez and Sons,45-54,Durban
REG392,Melissa,Schwartz,joneseric@example.com,12/03/2025,VIP,"Johnson, Larson and Munoz",35-44,Edinburgh
REG393,David,Baker,ewalker@example.net,08/02/2025,VIP,Williams-Wood,55+,El Paso
REG394,Christopher,Barrera,madison59@example.com,26/03/2025,VIP,Williams-Wood,25-34,Florence
REG395,Matthew,Davenport,boydann@example.net,14/01/2025,VIP,Green-Harrison,18-24,Fort Worth
REG396,Mark,Ross,uwong@example.org,18/01/2025,VIP,Donaldson-King,25-34,Frankfurt
REG397,Kathleen,Long,michaeljones@example.com,03/02/2025,VIP,Lin-Jefferson,55+,Fresno
REG398,Katie,Ortiz,dianeacosta@example.net,15/01/2025,VIP,Combs LLC,45-54,Geneva
REG399,Amy,Ortiz,bonnie26@example.net,14/01/2025,VIP,Rowland Inc,18-24,Glasgow
REG400,Tamara,Adams,jesse42@example.com,12/03/2025,VIP,"Thomas, Tran and Walls",25-34,Guadalajara
REG401,Crystal,Parks,williammiller@example.org,20/01/2025,VIP,Henderson-Nunez,18-24,Hamburg
REG402,John,King,floresjohn@example.net,04/02/2025,VIP,Mills-Singh,25-34,Hanoi
REG403,Christopher,Smith,saramiller@example.org,06/02/2025,VIP,Dean and Sons,35-44,Havana
REG404,Richard,Miller,madison52@example.com,19/03/2025,General,Wilson-Barnes,35-44,Helsinki
REG405,William,White,morarichard@example.org,27/01/2025,General,Collins-Bradley,45-54,Hialeah
REG406,Tyler,Morris,jonathanjohnson@example.com,13/02/2025,Student,Quinn-Franklin,55+,Ho Chi Minh City
REG407,Elizabeth,Butler,frazierjamie@example.com,27/01/2025,General,Quinn-Franklin,18-24,Hong Kong
REG408,Nicole,Larson,amy92@example.net,29/03/2025,VIP,Foster-Short,55+,Honolulu
REG409,Tara,Johnson,alvarezgeorge@example.org,23/03/2025,General,Hernandez Ltd,25-34,Houston
REG410,Joy,Wyatt,juliemurphy@example.com,03/02/2025,Student,"Olson, Miller and Allen",45-54,Hyderabad
REG411,Rachel,Anderson,maryrosales@example.net,06/03/2025,Student,"Olson, Miller and Allen",35-44,Indianapolis
REG412,Brittany,Simmons,rachelcobb@example.org,04/03/2025,Student,"Olson, Miller and Allen",35-44,Irvine
REG413,Sheila,Vance,williamwebb@example.com,02/02/2025,General,Barker-Ray,45-54,Istanbul
REG414,Ann,Miller,vanessalowery@example.net,07/01/2025,General,Jones and Sons,18-24,Jacksonville
REG415,Dylan,Mooney,melliott@example.com,12/01/2025,General,Thomas-Baker,55+,Jakarta
REG416,Paul,Bauer,matthewslaura@example.com,23/03/2025,Student,Thomas-Baker,25-34,Jersey City
REG417,Stephen,Black,mgonzales@example.com,24/02/2025,VIP,Thomas-Baker,55+,Johannesburg
REG418,Patricia,Ashley,bsanders@example.net,05/02/2025,VIP,Moore LLC,35-44,Kansas City
REG419,Daniel,Becker,burkesteven@example.net,06/01/2025,Student,Caldwell Group,45-54,Karachi
REG420,Denise,Garcia,kgomez@example.net,01/01/2025,Student,Lowery Group,35-44,Kuala Lumpur
REG421,Kathleen,Chung,armstrongjamie@example.net,12/02/2025,Student,Fernandez-Hall,35-44,Kyoto
REG422,Marilyn,Kirby,kimberlymeza@example.net,17/01/2025,Student,"Adams, Mcbride and Webb",25-34,Las Vegas
REG423,Denise,Lopez,colesmith@example.net,23/03/2025,VIP,Mullen-Miller,18-24,Lima
REG424,Crystal,Fischer,ymiller@example.com,03/02/2025,General,"Mclaughlin, Fletcher and Johns",18-24,Lisbon
REG425,Crystal,Boyle,christopher92@example.org,21/01/2025,General,"Espinoza, Martinez and Bonilla",25-34,Little Rock
REG426,Daniel,Ball,vjordan@example.com,26/02/2025,VIP,"Espinoza, Martinez and Bonilla",45-54,London
REG427,Craig,Cooper,joshuaburns@example.org,12/03/2025,General,"Espinoza, Martinez and Bonilla",55+,Los Angeles
REG428,Jacob,Snyder,jellis@example.org,01/04/2025,VIP,"Huang, Howard and Johnson",45-54,Louisville
REG429,Amanda,Robinson,aaron49@example.net,24/02/2025,General,"Huang, Howard and Johnson",55+,Lyon
REG430,Renee,Ball,taylorpaula@example.org,13/03/2025,VIP,Smith-Ryan,18-24,Madrid
REG431,Michael,Hernandez,jessicastrickland@example.org,02/01/2025,General,Smith-Ryan,35-44,Manila
REG432,Jessica,Rodriguez,lisahayes@example.net,15/01/2025,Student,Gallegos-Moore,35-44,Melbourne
REG433,Elizabeth,Miller,thomasmichael@example.org,10/01/2025,Student,Martin-Cunningham,45-54,Memphis
REG434,Cynthia,Edwards,linda97@example.org,30/03/2025,Student,"Gutierrez, King and Howard",25-34,Mexico City
REG435,Dawn,Rodriguez,kgordon@example.com,20/01/2025,Student,Walter-Gibson,55+,Miami
REG436,Jamie,Dunn,thomasgordon@example.org,11/03/2025,Student,Walter-Gibson,35-44,Milan
REG437,Amy,Decker,christopher09@example.net,05/01/2025,Student,Walter-Gibson,45-54,Milwaukee
REG438,Michael,Kirk,jimmymiller@example.org,17/02/2025,Student,Walter-Gibson,25-34,Minneapolis
REG439,Nicole,Evans,jacqueline69@example.com,16/03/2025,Student,"Santos, Gonzalez and Johnson",18-24,Montreal
REG440,James,Rocha,mbrown@example.com,12/03/2025,Student,Mason-Steele,25-34,Moscow
REG441,Nicole,Sosa,perkinsjennifer@example.net,19/01/2025,Student,Singh and Sons,18-24,Mumbai
REG442,Bonnie,Quinn,kathy08@example.net,25/02/2025,Student,Powell PLC,45-54,Munich
REG443,Veronica,Lopez,howardchristopher@example.com,17/01/2025,Student,Mcneil and Sons,25-34,Nairobi
REG444,Sarah,Mills,autumnwu@example.com,06/01/2025,Student,Adams-Johnson,45-54,Nashville
REG445,Jodi,Morrow,barbaraanderson@example.org,09/02/2025,General,"Barton, Coleman and Marsh",18-24,New Orleans
REG446,Robert,Martin,perkinsmelanie@example.org,16/02/2025,Student,Gonzalez-Rasmussen,35-44,New York
REG447,Mathew,Carson,thorntonbrandon@example.org,06/01/2025,VIP,"Johnson, Cervantes and Hernandez",35-44,Newark
REG448,David,Ortiz,smithshelley@example.org,15/02/2025,VIP,"Johnson, Cervantes and Hernandez",18-24,Nice
REG449,Kelly,Montes,bowersjason@example.net,27/01/2025,VIP,"Johnson, Cervantes and Hernandez",55+,Abu Dhabi
REG450,Duane,Deleon,kristyjackson@example.org,29/03/2025,VIP,Bauer-Reyes,55+,Adelaide
REG451,Helen,Hunt,felicia93@example.org,01/02/2025,VIP,Mcclure-Harris,35-44,Akron
REG452,Craig,Jones,xgardner@example.com,27/03/2025,General,Hoffman Group,35-44,Albuquerque
REG453,Samuel,Perry,denise38@example.com,14/01/2025,General,Hoffman Group,25-34,Alexandria
REG454,Richard,Hicks,beverly14@example.org,15/02/2025,VIP,Hoffman Group,25-34,Amsterdam
REG455,Emily,Freeman,brian29@example.com,13/03/2025,VIP,Holland Ltd,35-44,Athens
REG456,Robert,Sims,michael09@example.net,22/02/2025,General,Holland Ltd,55+,Atlanta
REG457,Ellen,Andersen,cindysimpson@example.org,21/03/2025,General,Reed PLC,25-34,Auckland
REG458,Leonard,Carpenter,francis82@example.net,20/01/2025,VIP,Lee and Sons,18-24,Augusta
REG459,Julian,Johnson,wreyes@example.com,31/01/2025,VIP,Lee and Sons,25-34,Austin
REG460,Chad,Hopkins,erica08@example.net,21/01/2025,General,Olson Ltd,25-34,Baltimore
REG461,Joseph,May,hbarnett@example.net,23/01/2025,Student,Santana-Drake,25-34,Barcelona
REG462,Michael,Page,ediaz@example.net,22/02/2025,Student,Bell Inc,45-54,Baton Rouge
REG463,Heather,Cochran,omyers@example.net,04/01/2025,Student,Bell Inc,18-24,Beijing
REG464,Curtis,Edwards,kelleychristopher@example.net,23/01/2025,General,Martinez Inc,35-44,Belfast
REG465,Alexis,Brown,jeffrey28@example.com,12/02/2025,General,Carrillo-Mcintosh,55+,Berlin
REG466,Monica,Reid,sking@example.com,22/02/2025,General,"Clark, Smith and Miller",55+,Birmingham
REG467,Benjamin,Hunter,melanie05@example.com,27/03/2025,Student,Young-Martinez,35-44,Bogotá
REG468,Douglas,Mcneil,bryanmorgan@example.com,01/02/2025,VIP,Walker PLC,45-54,Boise
REG469,Kathryn,Anthony,williamsapril@example.org,04/02/2025,General,Walker PLC,55+,Boston
REG470,Mariah,Foster,pamelamanning@example.org,21/01/2025,General,Hebert Group,25-34,Brisbane
REG471,Lisa,Rice,philip08@example.com,31/03/2025,General,Hebert Group,55+,Brussels
REG472,Nicholas,Parker,zjohnson@example.com,14/01/2025,Student,Hebert Group,18-24,Buffalo
REG473,Charles,Nicholson,yoderroy@example.net,18/02/2025,VIP,Russo LLC,18-24,Cairo
REG474,Aaron,Kirby,bryantnicholas@example.com,05/01/2025,Student,Escobar-Pruitt,35-44,Calgary
REG475,Kimberly,Bentley,oturner@example.net,02/03/2025,Student,Conley-Burnett,45-54,Cape Town
REG476,Christopher,Richard,michael69@example.com,29/01/2025,Student,"Aguilar, Gonzales and Sims",45-54,Caracas
REG477,Nicholas,Williams,toddnguyen@example.net,26/01/2025,General,"Aguilar, Gonzales and Sims",55+,Charlotte
REG478,Melissa,Smith,tim79@example.com,28/02/2025,Student,Rodriguez-Middleton,45-54,Chennai
REG479,Zachary,Smith,vickie75@example.com,14/02/2025,VIP,Thompson-Garcia,45-54,Chicago
REG480,Heather,Levy,perkinstammy@example.org,09/02/2025,VIP,Thompson-Garcia,55+,Cincinnati
REG481,Cynthia,Schmitt,burgessjoseph@example.org,30/01/2025,VIP,Snyder Inc,18-24,Cleveland
REG482,Jack,Parker,ocantu@example.com,29/01/2025,VIP,Edwards PLC,25-34,Cologne
REG483,Kimberly,Sullivan,ysmith@example.com,04/01/2025,Student,Hoffman-Lucas,35-44,Columbus
REG484,Ryan,Moses,michaellee@example.net,26/03/2025,VIP,Wilson Group,18-24,Copenhagen
REG485,Kelsey,Schultz,cardenaseric@example.net,25/01/2025,VIP,Wilson Group,45-54,Dallas
REG486,David,Hunt,amber12@example.net,21/02/2025,Student,"Pena, Mclean and Fisher",45-54,Damascus
REG487,Jennifer,Chapman,victoria43@example.org,12/02/2025,Student,"Pena, Mclean and Fisher",55+,Denver
REG488,Rachael,Thompson,mcherry@example.net,05/02/2025,General,"Pena, Mclean and Fisher",35-44,Detroit
REG489,Andrea,Jimenez,jennyhall@example.net,09/01/2025,Student,Wood PLC,25-34,Doha
REG490,Adam,Nichols,zwilliamson@example.com,05/02/2025,Student,Johnson LLC,55+,Dublin
REG491,Victor,Bush,martinezamanda@example.net,14/02/2025,General,"Jones, Page and Haynes",55+,Durban
REG492,Kimberly,Adams,mho@example.net,24/03/2025,General,"Jones, Page and Haynes",25-34,Edinburgh
REG493,Michael,Moreno,rross@example.com,07/03/2025,Student,"Jones, Page and Haynes",25-34,El Paso
REG494,Brandon,Baker,jeffery34@example.net,21/02/2025,General,Nguyen-Leon,45-54,Florence
REG495,Stephanie,Rodriguez,brownjohn@example.org,28/03/2025,VIP,Fowler Group,55+,Fort Worth
REG496,Dustin,Pugh,vanessamorrison@example.com,10/03/2025,Student,Fowler Group,18-24,Frankfurt
REG497,Peggy,Beard,sferguson@example.com,12/02/2025,General,Brown and Sons,18-24,Fresno
REG498,Barbara,Ferguson,jdawson@example.net,04/01/2025,General,Brown and Sons,55+,Geneva
REG499,Troy,Jackson,maciasluis@example.com,15/01/2025,General,"Bryant, Weaver and Miller",25-34,Glasgow
